Product,Description,Price,Allergen,Gender
VitaVim,Multi-vitamin supplement for overall health,19.99,None,Unisex
MuscleMax,Protein powder for muscle growth and recovery,29.99,Dairy,Unisex
GreenGlow,Organic green tea extract for energy and metabolism,15.49,None,Unisex
FlexiJoints,Joint support capsules for flexibility and mobility,24.99,Shellfish,Unisex
ZenSleep,Natural sleep aid for restful sleep and relaxation,12.99,None,Unisex
SkinElixir,Hydrating face cream for smooth and radiant skin,18.99,Nuts,Female
SuperCleanse,Detoxifying herbal blend for digestive health,21.99,None,Unisex
HeartGuard,Cardiovascular support capsules for heart health,27.49,None,Unisex
FocusBoost,Brain-boosting supplement for mental clarity and focus,14.99,None,Unisex
ImmunoShield,Immune system support capsules for overall wellness,23.99,None,Unisex
EnergyBurst,Natural energy drink mix for sustained energy,10.99,None,Unisex
HairRevive,Hair growth vitamins for healthy and strong hair,16.99,None,Unisex
StressLess,Stress-relief capsules for relaxation and calmness,20.49,None,Unisex
BeautyBlend,Beauty supplement for glowing skin and strong nails,19.99,None,Female
ProbioticPlus,Probiotic capsules for gut health and digestion,22.99,Dairy,Unisex
ElderberryBoost,Immune-boosting elderberry syrup for colds,13.49,None,Unisex
FlexiGummies,Joint support gummies for flexibility and comfort,26.99,None,Unisex
VitaDose,Customizable daily vitamin pack for overall health,28.99,None,Unisex
OmegaLife,Essential omega-3 fatty acids for heart and brain health,17.99,Fish,Unisex
DigestiveEase,Digestive enzyme supplement for better digestion,25.49,None,Unisex
ProteinBar,Protein-rich snack bar for muscle recovery,11.99,Nuts,Unisex
HerbalTea,Relaxing herbal tea blend for stress relief,9.49,None,Unisex
GutGuard,Gut health capsules for a balanced microbiome,22.99,Dairy,Unisex
SleepTonic,Natural sleep tonic for deep and restorative sleep,14.49,None,Unisex
SuperGreens,Nutrient-rich superfood powder for energy and vitality,20.99,None,Unisex
MuscleRub,Soothing muscle rub for post-workout recovery,15.99,None,Unisex
BrainBoost,Brain health supplement for memory and cognitive function,24.49,None,Unisex
CollagenPlus,Collagen peptides for youthful skin and joint health,18.49,Fish,Female
DetoxTea,Detoxifying tea blend for cleansing and rejuvenation,12.99,None,Unisex
HairRepair,Repairing hair mask for damaged and brittle hair,16.49,None,Unisex
JointRelief,Joint pain relief capsules for mobility and comfort,27.99,Shellfish,Unisex
BeautyOil,Nourishing beauty oil for radiant skin and hair,21.49,Nuts,Female
StressBuster,Stress-relief supplement for calmness and relaxation,19.99,None,Unisex
DigestiveBlend,Probiotic and enzyme blend for digestive support,23.49,Dairy,Unisex
CholesterolControl,Cholesterol-lowering supplement for heart health,26.49,None,Unisex
EnergyBoost,Natural energy supplement for enhanced vitality,13.99,None,Unisex
FiberFix,Fiber supplement for digestive regularity and health,15.99,None,Unisex
MuscleRelax,Relaxing muscle balm for tension relief,17.49,None,Unisex
JointEase,Joint support capsules for flexibility and comfort,25.99,Shellfish,Unisex
SleepWell,Natural sleep aid capsules for peaceful sleep,14.99,None,Unisex
SuperOmega,Superior omega-3 supplement for heart and brain health,22.99,Fish,Unisex
ImmuneBoost,Immune system support capsules for overall wellness,23.99,None,Unisex
MetabolismBoost,Metabolism-boosting capsules for weight management,20.49,None,Unisex
ProteinShake,Protein shake mix for muscle recovery and growth,16.99,Dairy,Unisex
VitaminCPlus,Immune-boosting vitamin C supplement for colds,11.49,None,Unisex
HerbalCaps,Herbal capsules for overall health and wellness,18.99,None,Unisex
BeautyCaps,Beauty supplement capsules for glowing skin and hair,21.49,None,Female
StressRelief,Stress-relief capsules for relaxation and calmness,19.99,None,Unisex
DigestivePro,Probiotic capsules for gut health and digestion,22.99,Dairy,Unisex
LiverCleanse,Detoxifying liver cleanse capsules for liver health,24.49,None,Unisex
EnergizePlus,Natural energy booster for sustained vitality,13.99,None,Unisex
FiberBlend,High-fiber supplement for digestive health,15.99,None,Unisex
MuscleRecovery,Post-workout muscle recovery capsules,16.49,None,Unisex
BrainPower,Brain-boosting supplement for memory and focus,24.99,None,Unisex
CollagenBeauty,Collagen supplement for youthful skin and hair,18.49,Fish,Female
DetoxCleanse,Gentle detox cleanse capsules for purification,12.99,None,Unisex
HairNourish,Nourishing hair vitamins for strong and healthy hair,16.49,None,Unisex
JointSupport,Joint support capsules for mobility and flexibility,25.99,Shellfish,Unisex
SleepAid,Natural sleep aid capsules for restful sleep,14.99,None,Unisex
OmegaBalance,Balanced omega-3-6-9 supplement for overall health,22.99,Fish,Unisex
ImmuneDefense,Immune system support capsules for overall wellness,23.99,None,Unisex
MetabolismBoost,Metabolism-boosting capsules for weight management,20.49,None,Unisex
ProteinPuff,Protein puff snacks for on-the-go nutrition,11.99,Dairy,Unisex
VitaminBoost,Daily multivitamin capsules for overall health,18.99,None,Unisex
HerbalBlend,Herbal supplement blend for vitality and well-being,21.49,None,Unisex
BeautyGlow,Beauty supplement for glowing skin and strong nails,19.99,None,Female
StressEase,Stress-relief capsules for relaxation and calmness,20.49,None,Unisex
DigestiveHealth,Digestive health capsules for gut balance,22.99,Dairy,Unisex
LiverDetox,Detoxifying liver support capsules for liver health,24.49,None,Unisex
EnergyPlus,Natural energy supplement for sustained vitality,13.99,None,Unisex
FiberMax,Maximum strength fiber supplement for digestive health,15.99,None,Unisex
MuscleSupport,Muscle support capsules for strength and recovery,16.49,None,Unisex
BrainBoost,Brain health supplement for memory and cognitive function,24.49,None,Unisex
CollagenRestore,Collagen supplement for youthful skin and hair,18.49,Fish,Female
DetoxifyMe,Gentle detoxifying capsules for internal cleansing,12.99,None,Unisex
HairRevitalize,Revitalizing hair vitamins for healthy hair growth,16.49,None,Unisex
JointEase,Joint support capsules for mobility and comfort,25.99,Shellfish,Unisex
SleepWell,Natural sleep aid capsules for restful sleep,14.99,None,Unisex
OmegaBalance,Balanced omega-3-6-9 supplement for overall health,22.99,Fish,Unisex

